{
  "posts": [
    {
      "name": "chair-isolated",
      "prise": 1500,
      "id": 10
    },
    {
      "name": "",
      "prise": "",
      "id": 12
    },
    {
      "name": "",
      "prise": "",
      "id": 13
    },
    {
      "name": "chair-isolated",
      "prise": 1500,
      "id": 14
    },
    {
      "name": "chair-isolated",
      "prise": 1500,
      "id": 15
    },
    {
      "name": "chair-isolated",
      "prise": 1500,
      "id": 16
    },
    {
      "name": "chair-isolated",
      "prise": 1500,
      "id": 17
    },
    {
      "name": "chair-isolated",
      "prise": 1500,
      "id": 18
    },
    {
      "name": "chair-isolated",
      "prise": 1500,
      "id": 19
    },
    {
      "name": "chair-isolated",
      "prise": 1500,
      "id": 20
    },
    {
      "name": "chair-isolated",
      "prise": 1500,
      "id": 21
    },
    {
      "name": "chair-isolated",
      "prise": 1500,
      "id": 22
    },
    {
      "name": "chair-isolated",
      "prise": 1500,
      "id": 23
    },
    {
      "name": "chair-isolated",
      "prise": 1500,
      "id": 24
    },
    {
      "name": "chair-isolated",
      "prise": 1500,
      "id": 25
    },
    {
      "name": "chair-isolated",
      "prise": 1500,
      "id": 26
    },
    {
      "name": "chair-isolated",
      "prise": 1500,
      "id": 27
    },
    {
      "name": "chair-isolated",
      "prise": 1500,
      "id": 28
    },
    {
      "name": "chair-isolated",
      "prise": 1500,
      "id": 29
    },
    {
      "name": "chair-isolated",
      "prise": 1500,
      "id": 30
    },
    {
      "name": "chair-isolated",
      "prise": 1500,
      "id": 31
    },
    {
      "name": "chair-isolated",
      "prise": 1500,
      "id": 32
    },
    {
      "name": "chair-isolated",
      "prise": 1500,
      "id": 33
    },
    {
      "name": "chair-isolated",
      "prise": 1500,
      "id": 34
    },
    {
      "name": "chair-isolated",
      "prise": 1500,
      "id": 35
    },
    {
      "name": "chair-isolated",
      "prise": 1500,
      "id": 36
    },
    {
      "name": "chair-isolated",
      "prise": 1500,
      "id": 37
    },
    {
      "name": "chair-isolated",
      "prise": 1500,
      "id": 38
    },
    {
      "name": "chair-isolated",
      "prise": 1500,
      "id": 39
    },
    {
      "name": "chair-isolated",
      "prise": 1500,
      "id": 40
    },
    {
      "name": "chair-isolated",
      "prise": 1500,
      "id": 41
    },
    {
      "name": "chair-isolated",
      "prise": 1500,
      "id": 42
    },
    {
      "name": "chair-isolated",
      "prise": 1500,
      "id": 43
    },
    {
      "name": "chair-isolated",
      "prise": 1500,
      "id": 44
    },
    {
      "name": "",
      "prise": "",
      "id": 45
    },
    {
      "name": "chair-isolated",
      "prise": 1500,
      "id": 46
    },
    {
      "name": "chair-isolated",
      "prise": 1500,
      "id": 47
    },
    {
      "name": "chair-isolated",
      "prise": 1500,
      "id": 48
    },
    {
      "name": "chair-isolated",
      "prise": 1500,
      "id": 49
    },
    {
      "name": "chair-isolated",
      "prise": 1500,
      "id": 50
    },
    {
      "name": "chair-isolated",
      "prise": 1500,
      "id": 51
    },
    {
      "name": "chair-isolated",
      "prise": 1500,
      "id": 52
    },
    {
      "name": "chair-isolated",
      "prise": 1500,
      "id": 53
    },
    {
      "name": "chair-isolated",
      "prise": 1500,
      "id": 54
    },
    {
      "name": " name",
      "prise": "price",
      "id": 55
    },
    {
      "name": "chair-isolated",
      "prise": 1500,
      "id": 56
    },
    {
      "name": "chair-isolated",
      "prise": 1500,
      "id": 57
    },
    {
      "name": "chair-isolated",
      "prise": 1500,
      "id": 58
    },
    {
      "name": "chair-isolated",
      "prise": 1500,
      "id": 59
    },
    {
      "name": "chair-isolated",
      "prise": 1500,
      "id": 60
    },
    {
      "name": "chair-isolated",
      "prise": 1500,
      "id": 61
    },
    {
      "name": "chair-isolated",
      "prise": 1500,
      "id": 62
    },
    {
      "name": "chair-isolated",
      "prise": 1500,
      "id": 63
    },
    {
      "name": "chair-isolated",
      "prise": 1500,
      "id": 64
    },
    {
      "name": "chair-isolated",
      "prise": 1500,
      "id": 65
    },
    {
      "name": "chair-isolated",
      "prise": 1500,
      "id": 66
    },
    {
      "name": "chair-isolated",
      "prise": 1500,
      "id": 67
    },
    {
      "name": "chair-isolated",
      "prise": 1500,
      "id": 68
    },
    {
      "name": "chair-isolated",
      "prise": 1500,
      "id": 69
    },
    {
      "name": "chair-isolated",
      "prise": 1500,
      "id": 70
    },
    {
      "name": "chair-isolated",
      "prise": 1500,
      "id": 71
    },
    {
      "name": "chair-isolated",
      "prise": 1500,
      "id": 72
    },
    {
      "name": "chair-isolated",
      "prise": 1500,
      "id": 73
    },
    {
      "name": "chair-isolated",
      "prise": 1500,
      "id": 74
    },
    {
      "name": "chair-isolated",
      "prise": 1500,
      "id": 75
    },
    {
      "name": "chair-isolated",
      "prise": 1500,
      "id": 76
    },
    {
      "name": "chair-isolated",
      "prise": 1500,
      "id": 77
    },
    {
      "name": "chair-isolated",
      "prise": 1500,
      "id": 78
    },
    {
      "name": "chair-isolated",
      "prise": 1500,
      "id": 79
    },
    {
      "name": "chair-isolated",
      "prise": 1500,
      "id": 80
    },
    {
      "name": "chair-isolated",
      "prise": 1500,
      "id": 81
    },
    {
      "name": "chair-isolated",
      "prise": 1500,
      "id": 82
    },
    {
      "name": "chair-isolated",
      "prise": 1500,
      "id": 83
    },
    {
      "name": "chair-isolated",
      "prise": 1500,
      "id": 84
    },
    {
      "name": "chair-isolated",
      "prise": 1500,
      "id": 85
    },
    {
      "name": "chair-isolated",
      "prise": 1500,
      "id": 86
    },
    {
      "name": "chair-isolated",
      "prise": 1500,
      "id": 87
    },
    {
      "name": "",
      "prise": "",
      "id": 88
    },
    {
      "name": "chair-isolated",
      "prise": 1500,
      "id": 89
    },
    {
      "name": "chair-isolated",
      "prise": 1500,
      "id": 90
    },
    {
      "name": "chair-isolated",
      "prise": 1500,
      "id": 91
    },
    {
      "name": "chair-isolated",
      "prise": 1500,
      "id": 92
    },
    {
      "name": "chair-isolated",
      "prise": 1500,
      "id": 93
    },
    {
      "name": "chair-isolated",
      "prise": 1500,
      "id": 94
    },
    {
      "name": "chair-isolated",
      "prise": 1500,
      "id": 95
    },
    {
      "name": "chair-isolated",
      "prise": 1500,
      "id": 96
    },
    {
      "name": "chair-isolated",
      "prise": 1500,
      "id": 97
    },
    {
      "name": "chair-isolated",
      "prise": 1500,
      "id": 98
    },
    {
      "name": "chair-isolated",
      "prise": 1500,
      "id": 99
    },
    {
      "name": "chair-isolated",
      "prise": 1500,
      "id": 100
    },
    {
      "name": "chair-isolated",
      "prise": 1500,
      "id": 101
    },
    {
      "name": "chair-isolated",
      "prise": 1500,
      "id": 102
    },
    {
      "name": "chair-isolated",
      "prise": 1500,
      "id": 103
    },
    {
      "name": "chair-isolated",
      "prise": 1500,
      "id": 104
    },
    {
      "name": "chair-isolated",
      "prise": 1500,
      "id": 105
    },
    {
      "name": "chair-isolated",
      "prise": 1500,
      "id": 106
    },
    {
      "name": "chair-isolated",
      "prise": 1500,
      "id": 107
    },
    {
      "name": "chair-isolated",
      "prise": 1500,
      "id": 108
    },
    {
      "name": "chair-isolated",
      "prise": 1500,
      "id": 109
    },
    {
      "name": "chair-isolated",
      "prise": 1500,
      "id": 110
    },
    {
      "name": "chair-isolated",
      "prise": 1500,
      "id": 111
    },
    {
      "name": "chair-isolated",
      "prise": 1500,
      "id": 112
    },
    {
      "name": "chair-isolated",
      "prise": 1500,
      "id": 113
    },
    {
      "name": "chair-isolated",
      "prise": 1500,
      "id": 114
    },
    {
      "name": "chair-isolated",
      "prise": 1500,
      "id": 115
    },
    {
      "name": "chair-isolated",
      "prise": 1500,
      "id": 116
    },
    {
      "name": "chair-isolated",
      "prise": 1500,
      "id": 117
    },
    {
      "name": "chair-isolated",
      "prise": 1500,
      "id": 118
    },
    {
      "name": "chair-isolated",
      "prise": 1500,
      "id": 119
    },
    {
      "name": "chair-isolated",
      "prise": 1500,
      "id": 120
    },
    {
      "name": "chair-isolated",
      "prise": 1500,
      "id": 121
    },
    {
      "name": "chair-isolated",
      "prise": 1500,
      "id": 122
    },
    {
      "name": "chair-isolated",
      "prise": 1500,
      "id": 123
    },
    {
      "name": "chair-isolated",
      "prise": 1500,
      "id": 124
    },
    {
      "name": "chair-isolated",
      "prise": 1500,
      "id": 125
    },
    {
      "name": "chair-isolated",
      "prise": 1500,
      "id": 126
    },
    {
      "name": "chair-isolated",
      "prise": 1500,
      "id": 127
    },
    {
      "name": "chair-isolated",
      "prise": 1500,
      "id": 128
    },
    {
      "name": "chair-isolated",
      "prise": 1500,
      "id": 129
    },
    {
      "name": "chair-isolated",
      "prise": 1500,
      "id": 130
    },
    {
      "name": "chair-isolated",
      "prise": 1500,
      "id": 131
    },
    {
      "name": "chair-isolated",
      "prise": 1500,
      "id": 132
    },
    {
      "name": "chair-isolated",
      "prise": 1500,
      "id": 133
    },
    {
      "name": "chair-isolated",
      "prise": 1500,
      "id": 134
    },
    {
      "name": "chair-isolated",
      "prise": 1500,
      "id": 135
    },
    {
      "name": "chair-isolated",
      "prise": 1500,
      "id": 136
    },
    {
      "name": "chair-isolated",
      "prise": 1500,
      "id": 137
    },
    {
      "name": "chair-isolated",
      "prise": 1500,
      "id": 138
    },
    {
      "name": "chair-isolated",
      "prise": 1500,
      "id": 139
    },
    {
      "name": "chair-isolated",
      "prise": 1500,
      "id": 140
    },
    {
      "name": "chair-isolated",
      "prise": 1500,
      "id": 141
    },
    {
      "name": "chair-isolated",
      "prise": 1500,
      "id": 142
    },
    {
      "name": "chair-isolated",
      "prise": 1500,
      "id": 143
    },
    {
      "name": "chair-isolated",
      "prise": 1500,
      "id": 144
    },
    {
      "name": "chair-isolated",
      "prise": 1500,
      "id": 145
    },
    {
      "name": "chair-isolated",
      "prise": 1500,
      "id": 146
    },
    {
      "name": "chair-isolated",
      "prise": 1500,
      "id": 147
    },
    {
      "name": "chair-isolated",
      "prise": 1500,
      "id": 148
    },
    {
      "name": "chair-isolated",
      "prise": 1500,
      "id": 149
    },
    {
      "name": "chair-isolated",
      "prise": 1500,
      "id": 150
    },
    {
      "name": "chair-isolated",
      "prise": 1500,
      "id": 151
    },
    {
      "name": "chair-isolated",
      "prise": 1500,
      "id": 152
    },
    {
      "name": "chair-isolated",
      "prise": 1500,
      "id": 153
    },
    {
      "name": "chair-isolated",
      "prise": 1500,
      "id": 154
    },
    {
      "name": "chair-isolated",
      "prise": 1500,
      "id": 155
    },
    {
      "name": "chair-isolated",
      "prise": 1500,
      "id": 156
    },
    {
      "name": "chair-isolated",
      "prise": 1500,
      "id": 157
    },
    {
      "name": "chair-isolated",
      "prise": 1500,
      "id": 158
    },
    {
      "name": "chair-isolated",
      "prise": 1500,
      "id": 159
    },
    {
      "name": "chair-isolated",
      "prise": 1500,
      "id": 160
    },
    {
      "name": "chair-isolated",
      "prise": 1500,
      "id": 161
    },
    {
      "name": "chair-isolated",
      "prise": 1500,
      "id": 162
    },
    {
      "name": "chair-isolated",
      "prise": 1500,
      "id": 163
    },
    {
      "name": "chair-isolated",
      "prise": 1500,
      "id": 164
    },
    {
      "name": "chair-isolated",
      "prise": 1500,
      "id": 165
    },
    {
      "name": "chair-isolated",
      "prise": 1500,
      "id": 166
    },
    {
      "name": "chair-isolated",
      "prise": 1500,
      "id": 167
    },
    {
      "name": "chair-isolated",
      "prise": 1500,
      "id": 168
    },
    {
      "name": "chair-isolated",
      "prise": 1500,
      "id": 169
    },
    {
      "name": "chair-isolated",
      "prise": 1500,
      "id": 170
    },
    {
      "name": "chair-isolated",
      "prise": 1500,
      "id": 171
    },
    {
      "name": "chair-isolated",
      "prise": 1500,
      "id": 172
    },
    {
      "name": "chair-isolated",
      "prise": 1500,
      "id": 173
    },
    {
      "name": "chair-isolated",
      "prise": 1500,
      "id": 174
    },
    {
      "name": "chair-isolated",
      "prise": 1500,
      "id": 175
    },
    {
      "name": "chair-isolated",
      "prise": 1500,
      "id": 176
    },
    {
      "name": "chair-isolated",
      "prise": 1500,
      "id": 177
    },
    {
      "name": "chair-isolated",
      "prise": 1500,
      "id": 178
    },
    {
      "name": "chair-isolated",
      "prise": 1500,
      "id": 179
    },
    {
      "name": "chair-isolated",
      "prise": 1500,
      "id": 180
    },
    {
      "name": "chair-isolated",
      "prise": 1500,
      "id": 181
    },
    {
      "name": "chair-isolated",
      "prise": 1500,
      "id": 182
    },
    {
      "name": "chair-isolated",
      "prise": 1500,
      "id": 183
    },
    {
      "name": "chair-isolated",
      "prise": 1500,
      "id": 184
    },
    {
      "name": "chair-isolated",
      "prise": 1500,
      "id": 185
    },
    {
      "name": "chair-isolated",
      "prise": 1500,
      "id": 186
    },
    {
      "name": "chair-isolated",
      "prise": 1500,
      "id": 187
    },
    {
      "name": "chair-isolated",
      "prise": 1500,
      "id": 188
    },
    {
      "name": "chair-isolated",
      "prise": 1500,
      "id": 189
    },
    {
      "name": "chair-isolated",
      "prise": 1500,
      "id": 190
    },
    {
      "name": "chair-isolated",
      "prise": 1500,
      "id": 191
    },
    {
      "name": "chair-isolated",
      "prise": 1500,
      "id": 192
    },
    {
      "name": "chair-isolated",
      "prise": 1500,
      "id": 193
    },
    {
      "name": "chair-isolated",
      "prise": 1500,
      "id": 194
    },
    {
      "name": "chair-isolated",
      "prise": 1500,
      "id": 195
    },
    {
      "name": "chair-isolated",
      "prise": 1500,
      "id": 196
    },
    {
      "name": "chair-isolated",
      "prise": 1500,
      "id": 197
    },
    {
      "name": "chair-isolated",
      "prise": 1500,
      "id": 198
    },
    {
      "name": "chair-isolated",
      "prise": 1500,
      "id": 199
    },
    {
      "name": "chair-isolated",
      "prise": 1500,
      "id": 200
    },
    {
      "name": "chair-isolated",
      "prise": 1500,
      "id": 201
    },
    {
      "name": "chair-isolated",
      "prise": 1500,
      "id": 202
    },
    {
      "name": "chair-isolated",
      "prise": 1500,
      "id": 203
    },
    {
      "name": "chair-isolated",
      "prise": 1500,
      "id": 204
    },
    {
      "name": "chair-isolated",
      "prise": 1500,
      "id": 205
    },
    {
      "name": "chair-isolated",
      "prise": 1500,
      "id": 206
    },
    {
      "name": "chair-isolated",
      "prise": 1500,
      "id": 207
    },
    {
      "name": "chair-isolated",
      "prise": 1500,
      "id": 208
    },
    {
      "name": "chair-isolated",
      "prise": 1500,
      "id": 209
    },
    {
      "name": "chair-isolated",
      "prise": 1500,
      "id": 210
    },
    {
      "name": "chair-isolated",
      "prise": 1500,
      "id": 211
    },
    {
      "name": "chair-isolated",
      "prise": 1500,
      "id": 212
    },
    {
      "name": "chair-isolated",
      "prise": 1500,
      "id": 213
    },
    {
      "name": "chair-isolated",
      "prise": 1500,
      "id": 214
    },
    {
      "name": "chair-isolated",
      "prise": 1500,
      "id": 215
    },
    {
      "name": "chair-isolated",
      "prise": 1500,
      "id": 216
    },
    {
      "name": "chair-isolated",
      "prise": 1500,
      "id": 217
    },
    {
      "name": "chair-isolated",
      "prise": 1500,
      "id": 218
    },
    {
      "name": "chair-isolated",
      "prise": 1500,
      "id": 219
    },
    {
      "name": "chair-isolated",
      "prise": 1500,
      "id": 220
    },
    {
      "name": "chair-isolated",
      "prise": 1500,
      "id": 221
    },
    {
      "name": "chair-isolated",
      "prise": 1500,
      "id": 222
    },
    {
      "name": "chair-isolated",
      "prise": 1500,
      "id": 223
    },
    {
      "name": "chair-isolated",
      "prise": 1500,
      "id": 224
    },
    {
      "name": "chair-isolated",
      "prise": 1500,
      "id": 225
    },
    {
      "name": "chair-isolated",
      "prise": 1500,
      "id": 226
    },
    {
      "name": "chair-isolated",
      "prise": 1500,
      "id": 227
    },
    {
      "name": "chair-isolated",
      "prise": 1500,
      "id": 228
    },
    {
      "name": "chair-isolated",
      "prise": 1500,
      "id": 229
    },
    {
      "name": "chair-isolated",
      "prise": 1500,
      "id": 230
    },
    {
      "name": "chair-isolated",
      "prise": 1500,
      "id": 231
    },
    {
      "name": "chair-isolated",
      "prise": 1500,
      "id": 232
    },
    {
      "name": "chair-isolated",
      "prise": 1500,
      "id": 233
    },
    {
      "name": "chair-isolated",
      "prise": 1500,
      "id": 234
    },
    {
      "name": "chair-isolated",
      "prise": 1500,
      "id": 235
    },
    {
      "name": "chair-isolated",
      "prise": 1500,
      "id": 236
    },
    {
      "name": "chair-isolated",
      "prise": 1500,
      "id": 237
    },
    {
      "name": "chair-isolated",
      "prise": 1500,
      "id": 238
    },
    {
      "name": "chair-isolated",
      "prise": 1500,
      "id": 239
    },
    {
      "name": "chair-isolated",
      "prise": 1500,
      "id": 240
    },
    {
      "name": "chair-isolated",
      "prise": 1500,
      "id": 241
    },
    {
      "name": "chair-isolated",
      "prise": 1500,
      "id": 242
    },
    {
      "name": "chair-isolated",
      "prise": 1500,
      "id": 243
    },
    {
      "name": "chair-isolated",
      "prise": 1500,
      "id": 244
    },
    {
      "name": "chair-isolated",
      "prise": 1500,
      "id": 245
    },
    {
      "name": "chair-isolated",
      "prise": 1500,
      "id": 246
    },
    {
      "name": "chair-isolated",
      "prise": 1500,
      "id": 247
    },
    {
      "name": "chair-isolated",
      "prise": 1500,
      "id": 248
    },
    {
      "name": "chair-isolated",
      "prise": 1500,
      "id": 249
    },
    {
      "name": "chair-isolated",
      "prise": 1500,
      "id": 250
    },
    {
      "name": "chair-isolated",
      "prise": 1500,
      "id": 251
    },
    {
      "name": "chair-isolated",
      "prise": 1500,
      "id": 252
    },
    {
      "name": "chair-isolated",
      "prise": 1500,
      "id": 253
    },
    {
      "name": "chair-isolated",
      "prise": 1500,
      "id": 254
    },
    {
      "name": "chair-isolated",
      "prise": 1500,
      "id": 255
    },
    {
      "name": "chair-isolated",
      "prise": 1500,
      "id": 256
    },
    {
      "name": "chair-isolated",
      "prise": 1500,
      "id": 257
    },
    {
      "name": "chair-isolated",
      "prise": 1500,
      "id": 258
    },
    {
      "name": "chair-isolated",
      "prise": 1500,
      "id": 259
    },
    {
      "name": "chair-isolated",
      "prise": 1500,
      "id": 260
    },
    {
      "name": "chair-isolated",
      "prise": 1500,
      "id": 261
    },
    {
      "name": "chair-isolated",
      "prise": 1500,
      "id": 262
    },
    {
      "name": "chair-isolated",
      "prise": 1500,
      "id": 263
    },
    {
      "name": "chair-isolated",
      "prise": 1500,
      "id": 264
    },
    {
      "name": "chair-isolated",
      "prise": 1500,
      "id": 265
    },
    {
      "name": "chair-isolated",
      "prise": 1500,
      "id": 266
    },
    {
      "name": "chair-isolated",
      "prise": 1500,
      "id": 267
    },
    {
      "name": "chair-isolated",
      "prise": 1500,
      "id": 268
    },
    {
      "name": "chair-isolated",
      "prise": 1500,
      "id": 269
    },
    {
      "name": "chair-isolated",
      "prise": 1500,
      "id": 270
    },
    {
      "name": "chair-isolated",
      "prise": 1500,
      "id": 271
    },
    {
      "name": "chair-isolated",
      "prise": 1500,
      "id": 272
    },
    {
      "name": "chair-isolated",
      "prise": 1500,
      "id": 273
    },
    {
      "name": "chair-isolated",
      "prise": 1500,
      "id": 274
    },
    {
      "name": "chair-isolated",
      "prise": 1500,
      "id": 275
    },
    {
      "name": "chair-isolated",
      "prise": 1500,
      "id": 276
    },
    {
      "name": "chair-isolated",
      "prise": 1500,
      "id": 277
    },
    {
      "name": "chair-isolated",
      "prise": 1500,
      "id": 278
    },
    {
      "name": "chair-isolated",
      "prise": 1500,
      "id": 279
    },
    {
      "name": "chair-isolated",
      "prise": 1500,
      "id": 280
    },
    {
      "name": "chair-isolated",
      "prise": 1500,
      "id": 281
    },
    {
      "name": "chair-isolated",
      "prise": 1500,
      "id": 282
    },
    {
      "name": "chair-isolated",
      "prise": 1500,
      "id": 283
    },
    {
      "name": "chair-isolated",
      "prise": 1500,
      "id": 284
    },
    {
      "name": "chair-isolated",
      "prise": 1500,
      "id": 285
    },
    {
      "name": "chair-isolated",
      "prise": 1500,
      "id": 286
    },
    {
      "name": "chair-isolated",
      "prise": 1500,
      "id": 287
    },
    {
      "name": "chair-isolated",
      "prise": 1500,
      "id": 288
    },
    {
      "name": "chair-isolated",
      "prise": 1500,
      "id": 289
    },
    {
      "name": "chair-isolated",
      "prise": 1500,
      "id": 290
    },
    {
      "name": "chair-isolated",
      "prise": 1500,
      "id": 291
    },
    {
      "name": "chair-isolated",
      "prise": 1500,
      "id": 292
    },
    {
      "name": "chair-isolated",
      "prise": 1500,
      "id": 293
    },
    {
      "name": "chair-isolated",
      "prise": 1500,
      "id": 294
    },
    {
      "name": "chair-isolated",
      "prise": 1500,
      "id": 295
    },
    {
      "name": "chair-isolated",
      "prise": 1500,
      "id": 296
    },
    {
      "name": "chair-isolated",
      "prise": 1500,
      "id": 297
    },
    {
      "name": "chair-isolated",
      "prise": 1500,
      "id": 298
    },
    {
      "name": "chair-isolated",
      "prise": 1500,
      "id": 299
    },
    {
      "name": "chair-isolated",
      "prise": 1500,
      "id": 300
    },
    {
      "name": "chair-isolated",
      "prise": 1500,
      "id": 301
    },
    {
      "name": "chair-isolated",
      "prise": 1500,
      "id": 302
    },
    {
      "name": "chair-isolated",
      "prise": 1500,
      "id": 303
    },
    {
      "name": "chair-isolated",
      "prise": 1500,
      "id": 304
    },
    {
      "name": "chair-isolated",
      "prise": 1500,
      "id": 305
    },
    {
      "name": "chair-isolated",
      "prise": 1500,
      "id": 306
    },
    {
      "name": "chair-isolated",
      "prise": 1500,
      "id": 307
    },
    {
      "name": "chair-isolated",
      "prise": 1500,
      "id": 308
    },
    {
      "name": "chair-isolated",
      "prise": 1500,
      "id": 309
    },
    {
      "name": "chair-isolated",
      "prise": 1500,
      "id": 310
    },
    {
      "name": "chair-isolated",
      "prise": 1500,
      "id": 311
    },
    {
      "name": "chair-isolated",
      "prise": 1500,
      "id": 312
    },
    {
      "name": "chair-isolated",
      "prise": 1500,
      "id": 313
    },
    {
      "name": "chair-isolated",
      "prise": 1500,
      "id": 314
    },
    {
      "name": "chair-isolated",
      "prise": 1500,
      "id": 315
    },
    {
      "name": "chair-isolated",
      "prise": 1500,
      "id": 316
    },
    {
      "name": "chair-isolated",
      "prise": 1500,
      "id": 317
    },
    {
      "name": "chair-isolated",
      "prise": 1500,
      "id": 318
    },
    {
      "name": "chair-isolated",
      "prise": 1500,
      "id": 319
    },
    {
      "name": "chair-isolated",
      "prise": 1500,
      "id": 320
    },
    {
      "name": "chair-isolated",
      "prise": 1500,
      "id": 321
    },
    {
      "name": "chair-isolated",
      "prise": 1500,
      "id": 322
    },
    {
      "name": "chair-isolated",
      "prise": 1500,
      "id": 323
    },
    {
      "name": "chair-isolated",
      "prise": 1500,
      "id": 324
    },
    {
      "name": "chair-isolated",
      "prise": 1500,
      "id": 325
    },
    {
      "name": "chair-isolated",
      "prise": 1500,
      "id": 326
    },
    {
      "name": "chair-isolated",
      "prise": 1500,
      "id": 327
    },
    {
      "name": "chair-isolated",
      "prise": 1500,
      "id": 328
    },
    {
      "name": "chair-isolated",
      "prise": 1500,
      "id": 329
    },
    {
      "name": "chair-isolated",
      "prise": 1500,
      "id": 330
    },
    {
      "name": "chair-isolated",
      "prise": 1500,
      "id": 331
    },
    {
      "name": "chair-isolated",
      "prise": 1500,
      "id": 332
    },
    {
      "name": "chair-isolated",
      "prise": 1500,
      "id": 333
    },
    {
      "name": "chair-isolated",
      "prise": 1500,
      "id": 334
    },
    {
      "name": "desk-isolated",
      "prise": 500,
      "id": 335
    },
    {
      "name": "roza",
      "prise": 500,
      "id": 336
    },
    {
      "name": "vart",
      "prise": "4566",
      "id": 337
    },
    {
      "name": "xdgxfhntfh",
      "prise": "2323",
      "id": 338
    }
  ],
  "comments": [],
  "profile": {
    "name": "typicode"
  }
}